claim_id,claim_text,claim_kind,evidence_status,source_ids,exact_location,scope,limitations,project_inference,decision_affected,last_checked
C001,The spike asks for a same-day VoiceInk-based trial and forbids a product build,source claim,Established,S001,"Starting point; Engineering rule",project scope,User preference remains unobserved,Keep work configuration-first,scope,2026-08-20
C002,Success depends on BOYA corpus results and 20 real prompts,source claim,Established,S001,"Acceptance criteria 1-10",acceptance,Human work is pending,Do not declare the spike passed before trial,completion,2026-08-20
C003,Current VoiceInk has an official make local build path for macOS 14.4+,observed fact,Established,"S002;S003",BUILDING.md lines 5-24,build,Dependencies require network and disk,Use official build path,shell,2026-08-20
C004,VoiceInk supports push-to-talk and explicit selected microphone input,observed fact,Established,"S002;S004;S005","RecordingShortcutManager.swift; AudioSetupView.swift; docs",shell,Connected BOYA still must be observed,Configure rather than rebuild,shell,2026-08-20
C005,VoiceInk applies word replacements after transcription and before enhancement,observed fact,Established,"S002;S006","TranscriptionPipeline.swift; WordReplacementService.swift",dictionary,Runtime import must still be tried,Reuse built-in pipeline,dictionary,2026-08-20
C006,Replacement matching is case-insensitive longest-first and boundary-aware for spaced languages,observed fact,Established,"S002;S006",WordReplacementService.swift,deterministic replacement,Non-spaced scripts intentionally use substring behavior,Seed aliases conservatively,dictionary,2026-08-20
C007,VoiceInk already lists Parakeet V3 and Whisper Large V3 Turbo as local models,observed fact,Established,"S002;S007;S008",TranscriptionModelRegistry.swift,model candidates,Availability requires model download,Use them as first two candidates,benchmark,2026-08-20
C008,Auto Send defaults to None but is configurable per Mode,observed fact,Established,"S002;S004",ModeConfig.swift and ModeConfigFormView.swift,delivery,A migrated existing mode could retain a send key,Inspect mode before any target-app test,safety,2026-08-20
C009,Wispr Flow parity and David preference are currently unknown,open question,Open question,S001,Core question and acceptance criteria,adoption,No audio or prompt trial exists yet,Require human evidence,completion,2026-08-20
C010,The current Mac satisfies documented command-line build prerequisites,observed fact,Established,S003,make check output 2026-08-20,build,Does not prove app launch,Proceed to compile,shell,2026-08-20
C011,WhisperKit is an available MIT Apple-Silicon Whisper runtime but integrating it duplicates the shell's existing Whisper path,project inference,Supported but conditional,"S002;S009",Official repos and local model registry,second model,No David corpus comparison yet,Use existing whisper.cpp comparator during spike,benchmark,2026-08-20
C012,Voxtral via MLX is not a reasonably easy first-pass addition to current VoiceInk,project inference,Supported but conditional,"S002;S010",Model card usage and local provider registry,third model,A new supported MLX path could appear later,Defer unless first two candidates fail,benchmark,2026-08-20
C013,The pinned Parakeet core path exposes no per-request personal vocabulary input; separate CTC rescoring is not a bounded first-pass recognition bias,observed fact,Established for pinned source API,S011,AsrTypes.swift ASRConfig; SlidingWindow/TDT/AsrManager.swift transcribe overloads; CustomVocabulary/Rescorer/VocabularyRescorer.swift,build-239 core-only local recognition,Does not rule out future upstream APIs or different model paths,Keep recognizer unchanged and retain deterministic post-correction,recognition vocabulary,2026-09-26
C014,Pinned Parakeet v3 rejects audio below 0.3 seconds and pads accepted short clips to the 15 second model input while passing actual length,observed fact,Established for pinned source API,S011,Shared/ASRConstants.swift; SlidingWindow/TDT/AsrManager+Transcription.swift; AsrManager+Pipeline.swift,short utterance mechanics,Does not prove any particular human recording was clipped,Do not change preprocessing without a demonstrated defect,short utterances,2026-09-26
C015,Parakeet TDT 0.6B v3 needs a separate CTC encoder for FluidAudio vocabulary rescoring and any replacement remains an acoustically scored post-TDT decision,observed fact,Established for pinned implementation,"S011;S012;S013",Documentation/ASR/CustomVocabulary.md; CtcModels.swift; CtcKeywordSpotter.swift; VocabularyRescorer+TokenRescoring.swift,local vocabulary,CTC model absent locally and end-to-end latency/overfire not measured,Require same-audio real failures and negative examples before product adoption,recognition vocabulary,2026-09-26
C016,On three synthetic Apple TTS clips the pinned Syll path made two different Shukuru errors; one supplied alias corrected only one of them,measured local experiment,Established for synthetic fixtures,S014,.underbite/2026-09-26-local-recognition-study.md Bounded mechanics probe,mechanics only,Not David voice or a recognition benchmark,Collect explicit real failure evidence before choosing a new build,recognition quality,2026-09-26
C017,David reports that short recordings often miss the first word or two,human observation,Reported not instrumented,S015,2026-09-26 user report; retained in recording-start note,David ordinary dictation,No recorded WAV or timestamp yet,Test live capture timing before recognition-model change,first-word loss,2026-09-26
C018,The current start sound precedes hardware readiness and a Fn release during starting cancels; Syll does not trim the recorded WAV before TDT,observed source fact,Established for pinned candidate composition,S016,RecorderUIManager.toggleRecorderPanel; VoiceInkEngine.toggleRecord; CoreAudioRecorder; FluidAudioTranscriptionService,live path,Does not prove actual first words are missing from David WAV,Instrument first buffer and inspect real failure audio,first-word loss,2026-09-26
